时间,部门,参考图,拍摄内容,焦段,运镜
0:00 - 0:15,选题策划部 & 采访编辑部,参考图_1_0:00_0:15,会议桌前的激烈讨论。马克笔在白板上快速写下核心话题，随后一叠厚重的调研资料被重重拍在桌面上。,28mm,手持晃动跟拍；极速推镜头；Crash Zoom
0:15 - 0:30,选题策划部 & 采访编辑部,参考图_2_0:15_0:30,录音笔收音指示灯闪烁。成员手持麦克风抛出问题，翻开的笔记本上，笔尖正在飞速记录。,75mm,甩镜头；Whip Pan
0:30 - 0:50,视觉设计部 & 版面编辑部,参考图_3_0:30_0:50,紧盯 MacBook 屏幕的专注眼神。Figma 界面里复杂的矢量图形与图层被快速拖拽。手写笔在数位板上流畅勾勒。,75mm,呼吸感的手持
0:50 - 1:15,视觉设计部 & 版面编辑部,参考图_4_0:50_1:15,手指在机械键盘上残影般的飞速敲击。屏幕上密集的文字段落被迅速调整、对齐网格。手机屏幕上正在快速滑动预览排版惊艳的公众号推文，或是显示器上视频最终渲染进度条瞬间拉满。,28mm,环绕运镜；Orbit Shot
1:15 - 1:40,摄影摄像部 & 综合事务部,参考图_5_1:15_1:40,手指拨动相机滚轮调整参数，成员紧贴取景器盯控画面。随后画面切换，达芬奇（DaVinci Resolve）的剪辑时间线在屏幕上快速拖拽滚动。,75mm,匹配剪辑；Match Cut
1:40 - 2:00,摄影摄像部 & 综合事务部,参考图_6_1:40_2:00,拇指按下对讲机侧键下达指令。成员搬运着成箱的物料和设备，步伐极快地穿梭在走廊中，手指在活动排班表上快速划过。,28mm,低机位仰拍；Low Angle
2:00 - 2:40,高潮混剪,参考图_7_2:00_2:40,六个部门在各自岗位上极速忙碌的碎片画面。录音笔、马克笔、相机快门、机械键盘、对讲机的局部细节。最终汇聚成一场爆满的活动现场、一支质感极佳的高燃视频，或是一篇刷屏的精美公众号推文的诞生。,焦段自由切换,跳剪；Jump Cut；抽帧闪白
2:40 - 2:50,结尾,参考图_8_2:40_2:50,戴着耳麦的后台统筹人员长舒一口气，露出满意的微笑。各部门的代表成员依次出现，眼神锐利、充满自信地直视镜头。,75mm,慢动作；Slow Motion；硬切黑屏；Cut to Black
2:50 - 3:00,结尾,参考图_9_2:50_3:00,纯黑背景中，砸出部门核心口号或“加入我们”。招新二维码及详细时间地点信息浮现。,无,后期制作
